Rank,OrgRank,PosRank,Org,Name,Pos,FV
1,1,1,MIL,Jesús Made,SS,65
2,1,2,BOS,Franklin Arias,SS,60
3,1,1,SEA,Kade Anderson,SP,60
4,1,1,MIN,Walker Jenkins,CF,60
5,1,2,DET,Max Clark,CF,60
6,1,3,ATH,Leo De Vries,SS,60
7,1,4,WSN,Eli Willits,SS,60
8,1,2,PIT,Seth Hernandez,SP,60
9,1,3,MIA,Thomas White,SP,60
10,2,4,SEA,Ryan Sloan,SP,55
11,1,5,CLE,Angel Genao,SS,55
12,1,1,SDP,Ethan Salas,C,55
13,1,6,TEX,Sebastian Walcott,SS,55
14,2,2,MIN,Vahn Lackey,C,55
15,1,7,TBR,Grady Emerson,SS,55
16,2,3,TBR,Theo Gillen,CF,55
17,1,1,LAD,Josue De Paula,RF,55
18,1,8,NYY,George Lombard Jr.,SS,55
19,1,9,CHW,Roch Cholowsky,SS,55
20,1,3,CIN,Alfredo Duno,C,55
21,1,5,PHI,Gage Wood,SP,55
22,2,6,LAD,River Ryan,SP,55
23,3,4,LAD,Mike Sirota,CF,55
24,1,4,STL,Rainiel Rodriguez,C,55
25,2,10,DET,Bryce Rainer,SS,55
26,2,11,MIL,Luis Peña,SS,55
27,2,7,BOS,Anthony Eyanson,SP,55
28,2,8,STL,Liam Doyle,SP,55
29,2,12,PHI,Aidan Miller,SS,55
30,2,9,WSN,Jarlin Susana,SP,55
31,1,13,SFG,Josuar Gonzalez,SS,50
32,3,5,TBR,Caden Bodine,C,50
33,1,5,ATL,Eric Hartman,CF,50
34,2,10,SFG,Jackson Flora,SP,50
35,3,14,MIN,Kaelen Culpepper,SS,50
36,4,6,LAD,Eduardo Quintero,CF,50
37,5,11,LAD,Christian Zazueta,SP,50
38,2,12,CLE,Braylon Doughty,SP,50
39,3,1,CLE,Ralphy Velazquez,1B,50
40,3,2,DET,Josue Briceño,1B,50
41,1,3,COL,Charlie Condon,1B,50
42,1,13,KCR,Kendry Chourio,SP,50
43,3,2,MIL,Alexander Frias,RF,50
44,1,15,TOR,Arjun Nimmala,SS,50
45,2,1,COL,Ethan Holliday,3B,50
46,4,14,TBR,Brody Hopkins,SP,50
47,1,16,CHC,Jefferson Rojas,SS,50
48,3,7,COL,Roldy Brito,CF,50
49,2,4,CHC,Josiah Hartshorn,1B,50
50,5,5,TBR,Taitn Gray,1B,50
51,2,17,MIA,Aiva Arquette,SS,50
52,6,15,LAD,Zachary Root,SP,50
53,3,18,SEA,Felnin Celesten,SS,50
54,1,8,BAL,Eric Booth Jr.,CF,50
55,1,9,LAA,Hayden Alvarez,CF,50
56,3,1,CHC,Pedro Ramírez,2B,50
57,7,3,LAD,Zyhir Hope,RF,50
58,4,10,SEA,Jonny Farmelo,CF,50
59,4,19,MIN,Marek Houston,SS,50
60,3,2,SFG,Jhonny Level,2B,50
61,2,20,KCR,Josh Hammond,SS,50
62,2,21,TEX,Yolfran Castillo,SS,50
63,4,22,MIL,Brady Ebel,SS,50
64,4,23,SFG,Luis Hernández,SS,50
65,2,16,NYY,Elmer Rodríguez,SP,50
66,2,17,LAA,Tyler Bremner,SP,50
67,3,18,PHI,Ramon Marquez,SP,50
68,4,4,CLE,Juneiker Caceres,RF,50
69,1,1,HOU,Kevin Alvarez,LF,50
70,5,3,SEA,Michael Arroyo,2B,50
71,3,5,BOS,Justin Gonzales,RF,50
72,3,19,STL,Jurrangelo Cijntje,SP,50
73,3,24,WSN,Devin Fitz-Gerald,SS,50
74,4,25,COL,Tyler Bell,SS,50
75,2,26,ATL,Tate Southisene,SS,50
76,6,2,TBR,Brayden Taylor,3B,50
77,8,27,LAD,Emil Morales,SS,50
78,2,6,PIT,Edward Florentino,RF,50
79,2,3,TOR,JoJo Parker,3B,50
80,3,6,PIT,Axiel Plaz,C,50
81,6,7,SEA,Lazaro Montes,RF,50
82,3,7,KCR,Ramon Ramirez,C,50
83,5,8,MIN,Eduardo Tait,C,50
84,4,28,BOS,Dorian Soto,SS,50
85,4,11,KCR,Angeibel Gomez,CF,50
86,5,12,COL,Cristian Arguelles,CF,50
87,3,20,MIA,Karson Milbrandt,SP,50
88,7,21,TBR,Michael Forret,SP,50
89,5,22,MIL,Tyson Hardin,SP,50
90,6,23,MIN,Riley Quick,SP,50
91,5,24,SFG,Keyner Martinez,SP,50
92,3,1,NYY,Carlos Lagrange,RP,50
93,2,25,CHW,Hagen Smith,SP,50
94,1,4,NYM,Elian Peña,3B,50
95,4,9,WSN,Harry Ford,C,50
96,2,26,BAL,Luis De León,SP,50
97,5,13,CLE,Aaron Walton,CF,50
98,4,5,PIT,Murf Gray,3B,50
99,3,6,CHW,Caleb Bonemer,3B,50
100,7,27,MIN,Kendry Rojas,SP,50
101,3,28,TEX,Caden Scarborough,SP,50
102,3,29,TOR,Jake Bloss,SP,50
103,3,30,LAA,George Klassen,SP,50
104,4,31,CHC,Jaxon Wiggins,SP,50
105,4,10,DET,Thayron Liranzo,C,50
106,5,11,KCR,Blake Mitchell,C,50
107,6,12,MIL,Jeferson Quero,C,50
108,4,29,NYY,Dax Kilby,SS,50
109,5,32,WSN,Travis Sykora,SP,50
110,5,33,BOS,Juan Valera,SP,50
111,4,34,MIA,Robby Snelling,SP,50
112,6,35,CLE,Khal Stephen,SP,50
113,1,4,ARI,JD Dix,2B,45+
114,2,36,SDP,Kash Mayfield,SP,45+
115,2,7,ARI,Jansel Luis,3B,45+
116,2,8,HOU,Albert Fermín,3B,45+
117,2,14,ATH,Drew Burress,CF,45+
118,2,30,CIN,Steele Hall,SS,45+
119,2,2,NYM,Jonathan Santucci,RP,45+
120,3,37,ATL,Cam Caminiti,SP,45+
121,3,31,BAL,Wehiwa Aloy,SS,45+
122,3,5,ARI,Demetrio Crisantes,2B,45+
123,3,32,NYM,Wandy Asigen,SS,45+
124,3,38,SDP,Coleman Borthwick,SP,45
125,3,9,HOU,Xavier Neyens,3B,45
126,3,39,ATH,Kade Morris,SP,45
127,3,8,CIN,Héctor Rodríguez,RF,45
128,4,40,NYM,Jonah Tong,SP,45+
129,4,41,ATL,Briggs McKenzie,SP,45+
130,4,42,STL,Brandon Clarke,SP,45+
131,4,9,BAL,Ike Irish,RF,45+
132,4,2,PHI,Francisco Renteria,LF,45+
133,4,43,TEX,Gio Rojas,SP,45+
134,4,44,TOR,Cole Carlon,SP,45+
135,4,33,CHW,Billy Carlson,SS,45+
136,4,45,LAA,Trey Gregory-Alford,SP,45+
137,4,3,SDP,Miguel Mendez,RP,45
138,4,13,ARI,Ryder Helfrick,C,45
139,4,46,HOU,Ethan Pecko,SP,45
140,4,47,ATH,Jamie Arnold,SP,45
141,4,48,CIN,Jose Franco,SP,45
142,5,49,ATL,Owen Murphy,SP,45+
143,5,10,STL,Joshua Baez,RF,45+
144,5,50,NYY,Ben Hess,SP,45+
145,5,15,BAL,Nate George,CF,45+
146,5,34,MIA,Jacob Lombard,SS,45+
147,5,16,PIT,Johan De Los Santos,CF,45+
148,5,17,CHC,Kevin Alcántara,CF,45+
149,5,1,LAA,Jared Grindlinger,TWP,45+
150,5,51,NYM,Zac Thornton,SP,45
151,5,35,PHI,Bryan Rincon,SS,45
152,5,36,DET,Jordan Yost,SS,45
153,5,10,TEX,Connor Comeau,3B,45
154,5,6,ARI,Kayson Cunningham,2B,45
155,5,3,HOU,Logan Hughes,LF,45
156,5,52,TOR,Ricky Tiedemann,SP,45
157,5,4,CHW,David Sandlin,RP,45
158,5,53,ATH,Wei-En Lin,SP,45
159,5,37,CIN,Justin Lebron,SS,45
160,5,11,SDP,Jorge Quintana,3B,40+
161,6,38,STL,Yairo Padilla,SS,45+
162,6,18,NYY,Spencer Jones,CF,45+
163,6,19,COL,Cole Carrigg,CF,45+
164,6,7,MIA,Luis Arana,2B,45+
165,6,39,PIT,Wyatt Sanford,SS,45+
166,6,20,BOS,Enddy Azocar,CF,45+
167,6,8,WSN,Chris Hacopian,2B,45+
168,6,54,SFG,Carson Whisenhunt,SP,45+
169,6,21,LAA,Nelson Rada,CF,45
170,6,11,NYM,Ryan Clifford,RF,45
171,6,4,ATL,AJ Gracia,LF,45
172,6,55,BAL,Nestor German,SP,45
173,6,12,PHI,Aroon Escobar,3B,45
174,6,12,DET,Will Adams,RF,45
175,6,56,TEX,David Davalillo,SP,45
176,6,22,CHC,Ethan Conrad,CF,45
177,6,57,ARI,Daniel Eagen,SP,45
178,6,14,HOU,Walker Janek,C,45
179,6,58,TOR,Johnny King,SP,45
180,6,23,KCR,Zion Rose,CF,45
181,6,13,ATH,Johenssy Colome,3B,45
182,6,6,CIN,Cam Collier,1B,45
183,6,59,SDP,Kruz Schoolcraft,SP,40+
184,6,15,CHW,Cole Prosek,C,40+
185,7,40,CLE,Gabriel Rodriguez,SS,45+
186,7,9,COL,Wilder Dalis,2B,45+
187,7,60,MIA,Keyner Benitez,SP,45+
188,7,61,MIL,Josh Knoth,SP,45+
189,7,62,WSN,Alejandro Rosario,SP,45+
190,7,16,LAA,Juan Flores,C,45
191,7,5,NYM,Will Watson,RP,45
192,7,63,ATL,Luke Sinnard,SP,45
193,7,17,STL,Leonardo Bernal,C,45
194,7,64,NYY,Hunter Dietz,SP,45
195,7,65,BAL,Braxton Bragg,SP,45
196,7,66,PHI,Moisés Chace,SP,45
197,7,5,PIT,Esmerlyn Valdez,LF,45
198,7,41,BOS,Henry Godbout,SS,45
199,7,67,DET,Cameron Flukey,SP,45
200,7,68,TEX,Winston Santos,SP,45
201,7,24,CHC,Kane Kepley,CF,45
202,7,69,ARI,Cristian Mena,SP,45
203,7,70,HOU,Bryce Mayer,SP,45
204,7,18,TOR,Will Brick,C,45
205,7,19,SEA,Luke Stevenson,C,45
206,7,71,SFG,Blade Tidwell,SP,45
207,7,6,ATH,Braden Nett,RP,45
208,7,72,SDP,Lan-Hong Su,SP,40+
209,7,6,CHW,Jaden Fauske,LF,40+
210,7,73,KCR,David Shields,SP,40+
211,7,7,CIN,Zach Maxwell,RP,40+
212,8,74,CLE,Liam Peterson,SP,45+
213,8,25,TBR,Jacob Melton,CF,45+
214,8,75,MIL,Bishop Letson,SP,45+
215,8,76,WSN,Landon Harmon,SP,45+
216,8,77,ATL,Kaiden McCarthy,SP,45
217,8,26,STL,Trevor Condon,CF,45
218,8,78,NYY,Bryce Cunningham,SP,45
219,8,79,BAL,Yeiber Cartaya,SP,45
220,8,20,COL,Daniel Jackson,C,45
221,8,80,MIA,Yohanfer Santana,SP,45
222,8,81,PIT,Khristian Curtis,SP,45
223,8,8,BOS,Kyson Witherspoon,RP,45
224,8,13,DET,Cris Rodriguez,RF,45
225,8,2,TEX,Seong-Jun Kim,TWP,45
226,8,82,CHC,Cade Townsend,SP,45
227,8,83,ARI,Kohl Drake,SP,45
228,8,84,HOU,Jack Radel,SP,45
229,8,14,MIN,Emmanuel Rodriguez,RF,45
230,8,7,SEA,Ace Reese,LF,45
231,8,85,SFG,Carson Bolemon,SP,45
232,8,86,LAA,Johnny Slawinski,SP,40+
233,8,14,NYM,Jacob Reimer,3B,40+
234,8,9,PHI,Alex McFarlane,RP,40+
235,8,10,SDP,Tucker Musgrove,RP,40+
236,8,27,TOR,Victor Arias,CF,40+
237,8,10,CHW,Landon Thome,2B,40+
238,8,87,KCR,Justin Lamkin,SP,40+
239,8,88,ATH,Mason Edwards,SP,40+
240,8,89,CIN,Chase Petty,SP,40+
241,9,28,CLE,Robert Arias,CF,45+
242,9,8,LAD,Charles Davalan,LF,45+
243,9,21,TBR,Nathan Flewelling,C,45+
244,9,11,WSN,Miguel Sime Jr.,RP,45+
245,9,90,STL,Tegan Kuhns,SP,45
246,9,91,NYY,Chase Hampton,SP,45
247,9,92,BAL,Joseph Dzierwa,SP,45
248,9,22,COL,Jackson Natili,C,45
249,9,93,MIA,Kevin Defrank,SP,45
250,9,29,PIT,Derek Curiel*,CF,45
251,9,42,MIL,Cooper Pratt,SS,45
252,9,15,ARI,LuJames Groover,3B,45
253,9,9,MIN,Hendry Mendez,LF,45
254,9,16,SFG,Parks Harber,3B,45
255,9,94,LAA,Joel Hurtado,SP,40+
256,9,23,NYM,Chris Suero,C,40+
257,9,11,ATL,John Gil,2B,40+
258,9,43,PHI,Tyler Spangler,SS,40+
259,9,44,BOS,Jake Schaffner,SS,40+
260,9,24,DET,Eduardo Valencia,C,40+
261,9,45,TEX,Cam Cauley,SS,40+
262,9,95,CHC,Brooks Caple,SP,40+
263,9,96,HOU,Ryan Forcucci,SP,40+
264,9,17,TOR,Juan Sanchez,3B,40+
265,9,30,SEA,Yorger Bautista,CF,40+
266,9,97,CHW,Tanner McDougal,SP,40+
267,9,31,KCR,Asbel Gonzalez,CF,40+
268,9,10,ATH,Devin Taylor,LF,40+
269,9,32,CIN,Carlos Jorge,CF,40+
270,9,12,SDP,Ryan Lynch,RP,40
271,10,98,LAD,Adam Serwinowski,SP,45+
272,10,99,TBR,Jackson Baumeister,SP,45+
273,10,100,STL,Quinn Mathews,SP,45
274,10,25,CLE,Cooper Ingle,C,45
275,10,33,BAL,Enrique Bradfield Jr.,CF,45
276,10,101,COL,McCade Brown,SP,45
277,10,34,MIA,Dillon Lewis,CF,45
278,10,35,PIT,Jhostynxon Garcia,CF,45
279,10,36,MIL,Luis Lara,CF,45
280,10,15,MIN,Jhomnardo Reyes,RF,45
281,10,102,WSN,Jackson Kent,SP,45
282,10,37,SFG,Bo Davidson,CF,45
283,10,26,LAA,Marlon Quintero,C,40+
284,10,103,NYM,Jack Wenninger,SP,40+
285,10,38,ATL,Conor Essenburg,CF,40+
286,10,13,NYY,Allen Facundo,RP,40+
287,10,46,PHI,Romeli Espinosa,SS,40+
288,10,104,BOS,Marcus Phillips,SP,40+
289,10,18,DET,Max Anderson,3B,40+
290,10,19,TEX,Rafe Perich,3B,40+
291,10,27,CHC,Owen Ayers,C,40+
292,10,105,ARI,Ashton Izzi,SP,40+
293,10,11,HOU,Ethan Frey,LF,40+
294,10,14,TOR,Gage Stanifer,RP,40+
295,10,47,SEA,Nick Becker,SS,40+
296,10,106,CHW,Christian Oppor,SP,40+
297,10,107,KCR,Freddy Contreras,SP,40+
298,10,12,ATH,Breyson Guedez,LF,40+
299,10,48,CIN,Tyson Lewis,SS,40+
300,10,15,SDP,Bryan Balzer,RP,40
301,11,20,LAD,Bo Lowrance,3B,45+
302,11,108,TBR,Jose Urbina,SP,45+
303,11,109,STL,Tink Hence,SP,45
304,11,39,CLE,Kahlil Watson,CF,45
305,11,40,BAL,Ty Head*,CF,45
306,11,110,COL,Angel Jimenez,SP,45
307,11,111,PIT,Hunter Barco,SP,45
308,11,13,MIL,Josh Adamczewski,LF,45
309,11,49,SFG,Gavin Kilen,SS,45
310,11,50,LAA,Joswa Lugo,SS,40+
311,11,112,NYM,R.J. Gordon,SP,40+
312,11,41,ATL,Owen Carey,CF,40+
313,11,113,NYY,Sean Duncan,SP,40+
314,11,114,PHI,Brad Pacheco,SP,40+
315,11,115,MIA,Eiver Mosquera,SP,40+
316,11,42,BOS,Harold Rivas,CF,40+
317,11,16,DET,Andrew Sears,RP,40+
318,11,3,TEX,Josh Owens,TWP,40+
319,11,116,CHC,Dominick Reid,SP,40+
320,11,117,ARI,David Hagaman,SP,40+
321,11,43,HOU,Joseph Sullivan,CF,40+
322,11,28,TOR,Juan Caricote,C,40+
323,11,17,MIN,Andrew Morris,RP,40+
324,11,44,SEA,Juan Rijo,CF,40+
325,11,118,CHW,Aldrin Batista,SP,40+
326,11,119,KCR,Ben Kudrna,SP,40+
327,11,18,WSN,Davian Garcia,RP,40+
328,11,120,ATH,Steven Echavarria,SP,40+
329,11,21,CIN,Hansel Jimenez,3B,40+
330,11,51,SDP,Jhoan De La Cruz,SS,40
331,12,52,TBR,Daniel Pierce,SS,45+
332,12,53,STL,Rocco Maniscalco,SS,45
333,12,45,CLE,Jace LaViolette,CF,45
334,12,16,LAD,James Tibbs III,RF,45
335,12,121,COL,Logan Reddemann,SP,45
336,12,22,PIT,Duce Gourson,3B,45
337,12,7,MIL,Blake Burke,1B,45
338,12,122,SFG,Joe Whitman,SP,45
339,12,54,CIN,Liberts Aponte,SS,40+
340,12,55,LAA,Yilver De Paula,SS,40+
341,12,19,NYM,Carson Wiggins,RP,40+
342,12,123,ATL,Jensen Hirschkorn,SP,40+
343,12,56,BAL,Jose Luis Acevedo,SS,40+
344,12,124,PHI,Cade Obermueller,SP,40+
345,12,57,MIA,Starlyn Caba,SS,40+
346,12,12,BOS,Hector Ramos,2B,40+
347,12,29,DET,Michael Oliveto,C,40+
348,12,125,TEX,Brody Bumila,SP,40+
349,12,126,CHC,Kaleb Wing,SP,40+
350,12,127,ARI,Patrick Forbes,SP,40+
351,12,20,HOU,Miguel Ullola,RP,40+
352,12,128,MIN,Ryan Gallagher,SP,40+
353,12,46,CHW,Junior Perez,CF,40+
354,12,129,KCR,Taylor Rabe,SP,40+
355,12,21,WSN,Luis Perales,RP,40+
356,12,30,ATH,Dylan Fien,C,40+
357,12,130,NYY,Cade Smith,SP,40
358,12,31,SDP,Ty Harvey,C,40
359,12,131,TOR,Silvano Hechavarria,SP,40
360,12,47,SEA,Jake Brown,CF,40
361,13,13,TBR,Cooper Flemming,2B,45+
362,13,22,STL,Tekoah Roby,RP,45
363,13,132,CLE,Caden Favors,SP,45
364,13,8,LAD,Chase Harlan,1B,45
365,13,14,PIT,Termarr Johnson,2B,45
366,13,48,MIL,Jett Williams,CF,45
367,13,133,SFG,Matt Wilkinson,SP,45
368,13,134,CIN,Aaron Watson,SP,40+
369,13,15,LAA,Jarren Advincula,2B,40+
370,13,49,NYM,Eli Serrano III,CF,40+
371,13,135,ATL,Garrett Baumann,SP,40+
372,13,32,BAL,Creed Willems,C,40+
373,13,14,COL,Jared Thomas,LF,40+
374,13,136,PHI,Matthew Fisher,SP,40+
375,13,137,MIA,Noble Meyer,SP,40+
376,13,138,BOS,John Holobetz,SP,40+
377,13,58,DET,Angel De Los Santos,SS,40+
378,13,50,TEX,Paxton Kling,CF,40+
379,13,17,CHC,Caden Sorrell,RF,40+
380,13,139,ARI,Blake Bryant,SP,40+
381,13,140,MIN,Dasan Hill,SP,40+
382,13,59,KCR,Yandel Ricardo,SS,40+
383,13,23,WSN,Ronny Cruz,3B,40+
384,13,141,ATH,Jacob Dudan,SP,40+
385,13,60,NYY,Kaeden Kent,SS,40
386,13,23,SDP,Michael Salina,RP,40
387,13,142,HOU,Wes Mendes,SP,40
388,13,24,TOR,Sean Keys,3B,40
389,13,24,SEA,Teddy McGraw,RP,40
390,13,61,CHW,Kyle Lodise,SS,40
391,14,143,LAD,Jackson Ferris,SP,45
392,14,144,TBR,Ty Johnson,SP,45
393,14,62,PIT,Aiden Ruiz,SS,45
394,14,9,MIL,Luke Adams,1B,45
395,14,63,CIN,Eric Becker,SS,40+
396,14,25,NYM,Boston Baro,3B,40+
397,14,64,ATL,Edelson Cabral,SS,40+
398,14,51,STL,Ryan Mitchell,CF,40+
399,14,52,CLE,Jaison Chourio,CF,40+
400,14,25,BAL,Levi Wells,RP,40+
401,14,16,COL,Roc Riggio,2B,40+
402,14,145,PHI,Chan-Min Park,SP,40+
403,14,26,MIA,Josh Ekness,RP,40+
404,14,146,BOS,Sadbiel Delzine,SP,40+
405,14,27,DET,Yilber Díaz,RP,40+
406,14,18,TEX,Paulino Santana,RF,40+
407,14,28,CHC,Will Sanders,RP,40+
408,14,29,ARI,Wellington Aracena,RP,40+
409,14,147,MIN,Adrian Bohorquez,SP,40+
410,14,17,KCR,Sean Gamble,2B,40+
411,14,53,WSN,Luke Dickerson,CF,40+
412,14,54,SFG,Jonah Cox,CF,40+
413,14,30,LAA,Chris Cortez,RP,40
414,14,148,NYY,Thatcher Hurd,SP,40
415,14,55,SDP,Ryan Wideman,CF,40
416,14,56,HOU,Zach Cole,CF,40
417,14,18,TOR,Adrian Pinto,2B,40
418,14,149,SEA,Griffin Hugus,SP,40
419,14,150,CHW,Mason Adams,SP,40
420,14,19,ATH,Joshua Kuroda-Grauer,2B,40
421,15,151,LAD,Brooks Auger,SP,45
422,15,31,TBR,Anderson Brito,RP,45
423,15,57,MIL,Braylon Payne,CF,45
424,15,58,CIN,Angel Nuñez,CF,40+
425,15,32,NYM,Dylan Ross,RP,40+
426,15,65,STL,Dee Kennedy,SS,40+
427,15,66,CLE,Dauri Fernandez,SS,40+
428,15,33,BAL,Zach Fruit,RP,40+
429,15,19,COL,Zac Veen,RF,40+
430,15,59,PHI,Dante Nori,CF,40+
431,15,26,MIA,Edgardo De Leon,3B,40+
432,15,33,PIT,Rafael Flores Jr.,C,40+
433,15,60,BOS,Miguel Bleis,CF,40+
434,15,34,DET,Malachi Witherspoon,RP,40+
435,15,152,TEX,Jose Corniell,SP,40+
436,15,153,ARI,Dean Livingston,SP,40+
437,15,34,MIN,Carson Tinney,C,40+
438,15,154,KCR,Felix Arronde,SP,40+
439,15,20,WSN,Gavin Fien,RF,40+
440,15,35,SFG,Drew Cavanaugh,C,40+
441,15,35,LAA,Chase Shores,RP,40
442,15,67,ATL,Alex Lodise,SS,40
443,15,155,NYY,Sean Paul Liñan,SP,40
444,15,36,CHC,Ariel Armas,C,40
445,15,20,SDP,Nu'u Contrades,2B,40
446,15,21,HOU,Keon Johnson,2B,40
447,15,68,TOR,Josh Kasevich,SS,40
448,15,61,SEA,Korbyn Dickerson,CF,40
449,15,156,CHW,Ky Bush,SP,40
450,15,36,ATH,Gabe Gaeckle,RP,40
451,16,37,TBR,Jacob Kmatz,RP,45
452,16,38,CIN,Mason Morris,RP,40+
453,16,39,NYM,Jonathan Pintaro,RP,40+
454,16,62,STL,Tai Peete,CF,40+
455,16,157,CLE,Logan Schmidt,SP,40+
456,16,158,LAD,Cam Leiter,SP,40+
457,16,40,BAL,Patrick Reilly,RP,40+
458,16,69,COL,Andy Perez,SS,40+
459,16,70,MIA,Andrew Salas,SS,40+
460,16,71,PIT,Darell Morel,SS,40+
461,16,15,BOS,Martin Shelar,LF,40+
462,16,63,DET,Randy Santana,CF,40+
463,16,27,MIL,Andrew Fischer,3B,40+
464,16,159,ARI,Junior Ciprian,SP,40+
465,16,28,MIN,Brandon Winokur,3B,40+
466,16,160,WSN,Yoel Tejeda Jr.,SP,40+
467,16,64,SFG,Dakota Jordan,CF,40+
468,16,65,LAA,Raudi Rodriguez,CF,40
469,16,66,ATL,Luis Guanipa,CF,40
470,16,41,NYY,Alexander Almonte,RP,40
471,16,10,PHI,Keaton Anthony,1B,40
472,16,42,TEX,AJ Russell,RP,40
473,16,161,CHC,Jostin Florentino,SP,40
474,16,162,SDP,Kannon Kemp,SP,40
475,16,29,HOU,Beau Peterson,3B,40
476,16,43,TOR,Adam Macko,RP,40
477,16,21,SEA,Henry Ford,RF,40
478,16,44,CHW,Juan Carela,RP,40
479,16,72,KCR,Ramcell Medina,SS,40
480,16,163,ATH,Cole Miller,SP,40
481,17,164,TBR,Santiago Suarez,SP,45
482,17,22,STL,Andrew Williamson,RF,40+
483,17,45,CLE,Daniel Espino,RP,40+
484,17,67,LAD,Zach Ehrhard,CF,40+
485,17,46,BAL,JT Quinn,RP,40+
486,17,16,COL,Sterlin Thompson,LF,40+
487,17,165,MIA,Dax Fulton,SP,40+
488,17,11,PIT,Tony Blanco Jr.,1B,40+
489,17,37,DET,Manuel Bolivar,C,40+
490,17,68,MIL,Josiah Ragsdale,CF,40+
491,17,47,ARI,Hunter Cranton,RP,40+
492,17,166,MIN,Charlee Soto,SP,40+
493,17,69,WSN,Nauris De La Cruz,CF,40+
494,17,167,SFG,Jacob Bresnahan,SP,40+
495,17,73,CIN,Edwin Arroyo,SS,40
496,17,168,LAA,CJ Gray,SP,40
497,17,70,NYM,Nick Morabito,CF,40
498,17,169,ATL,Cedric De Grandpre,SP,40
499,17,23,NYY,Wilberson De Pena,RF,40
500,17,38,PHI,Kehden Hettiger,C,40
501,17,30,BOS,Mikey Romero,3B,40
502,17,17,TEX,Dylan Dreiling,LF,40
503,17,22,CHC,James Triantos,2B,40
504,17,24,SDP,Kale Fountain,RF,40
505,17,48,HOU,Alonzo Tredwell,RP,40
506,17,71,TOR,Blaine Bullard,CF,40
507,17,74,CHW,William Bergolla,SS,40
508,17,75,KCR,Warren Calcaño,SS,40
509,17,49,ATH,Mason Barnett,RP,40
510,17,50,SEA,Robinson Ortiz,RP,35+
511,18,170,TBR,Dominic Fritton,SP,45
512,18,171,STL,Chen-Wei Lin,SP,40+
513,18,51,CLE,Joey Oakie,RP,40+
514,18,72,LAD,Kendall George,CF,40+
515,18,31,BAL,Elvin Garcia,3B,40+
516,18,76,COL,Sebastian Blanco,SS,40+
517,18,18,MIA,Kemp Alderman,LF,40+
518,18,52,PIT,Antwone Kelly,RP,40+
519,18,53,DET,Kelvis Salcedo,RP,40+
520,18,54,MIL,JD Thompson,RP,40+
521,18,172,MIN,Ethan Wachsmann,SP,40+
522,18,73,WSN,Isaias Suarez,CF,40+
523,18,173,SFG,Yunior Marte,SP,40+
524,18,77,CIN,Leo Balcazar,SS,40
525,18,12,LAA,Gabriel Davalillo,1B,40
526,18,23,NYM,Mitch Voit,2B,40
527,18,174,ATL,Lucas Braun,SP,40
528,18,55,NYY,Henry Lalane,RP,40
529,18,25,PHI,Caden Bogenpohl,RF,40
530,18,56,BOS,Hayden Mullins,RP,40
531,18,57,TEX,Aidan Curry,RP,40
532,18,13,CHC,Jonathon Long,1B,40
533,18,39,SDP,Truitt Madonna,C,40
534,18,26,ARI,Adriel Radney,RF,40
535,18,175,HOU,Jackson Nezuh,SP,40
536,18,27,TOR,RJ Schreck,RF,40
537,18,28,CHW,Dylan Campbell,RF,40
538,18,176,KCR,Drew Beam,SP,40
539,18,32,ATH,Tommy White,3B,40
540,18,58,SEA,Mason Peters,RP,35+
541,19,177,TBR,Ben Blair,SP,45
542,19,178,STL,Ixan Henderson,SP,40+
543,19,59,CLE,Savion Sims,RP,40+
544,19,78,LAD,Elijah Hainline,SS,40+
545,19,33,BAL,Wilfri De La Cruz,3B,40+
546,19,79,COL,Ashly Andujar,SS,40+
547,19,60,MIA,Manuel Genao,RP,40+
548,19,61,PIT,Jesus Travieso,RP,40+
549,19,179,DET,Owen Hall,SP,40+
550,19,62,MIL,Brett Wichrowski,RP,40+
551,19,19,WSN,Samil Serrano,LF,40+
552,19,180,SFG,Kaden Waechter,SP,40+
553,19,40,CIN,Jirvin Morillo,C,40
554,19,181,LAA,Dylan Jordan,SP,40
555,19,63,NYM,Ryan Lambert,RP,40
556,19,20,ATL,Diego Tornes,LF,40
557,19,182,NYY,Sabier Marte,SP,40
558,19,74,PHI,Will Gasparino,CF,40
559,19,183,BOS,Jedixson Paez,SP,40
560,19,64,TEX,Emiliano Teodo,RP,40
561,19,14,CHC,Myles Bailey,1B,40
562,19,184,ARI,Mitch Bratt,SP,40
563,19,65,HOU,Hudson Leach,RP,40
564,19,185,TOR,Brandon Barriera,SP,40
565,19,29,MIN,Kyler Fedko,RF,40
566,19,24,CHW,Jeral Perez,2B,40
567,19,186,KCR,Steven Zobac,SP,40
568,19,80,ATH,Roman Martin,SS,40
569,19,81,SDP,Elliot Lascelles,SS,35+
570,19,187,SEA,Marcelo Perez,SP,35+
571,20,25,TBR,Jadher Areinamo,2B,45
572,20,188,STL,Brycen Mautz,SP,40+
573,20,34,LAD,Kyle Nevin,3B,40+
574,20,75,BAL,Ariel Roque,CF,40+
575,20,66,COL,Welinton Herrera,RP,40+
576,20,82,MIA,Cristian Hernández,SS,40+
577,20,30,PIT,Estuar Suero,RF,40+
578,20,83,DET,Oscar Tineo,SS,40+
579,20,189,MIL,Jayden Dubanewicz,SP,40+
580,20,76,WSN,Chase Brunson,CF,40+
581,20,21,CIN,Arnaldo Lantigua,LF,40
582,20,67,LAA,Samy Natera Jr.,RP,40
583,20,68,NYM,Ben Simon,RP,40
584,20,69,ATL,Blake Burkhalter,RP,40
585,20,31,CLE,George Valera,RF,40
586,20,190,NYY,Chalniel Arias,SP,40
587,20,22,PHI,Edwin Ramirez,LF,40
588,20,70,BOS,Tyler Uberstine,RP,40
589,20,191,TEX,Dalton Pence,SP,40
590,20,192,CHC,Carson Jasa,SP,40
591,20,77,ARI,Slade Caldwell,CF,40
592,20,71,HOU,Alimber Santa,RP,40
593,20,35,TOR,Tim Piasentin,3B,40
594,20,32,MIN,Gabriel Gonzalez,RF,40
595,20,84,CHW,Tanner Murray,SS,40
596,20,193,KCR,Blake Wolters,SP,40
597,20,41,SFG,Daniel Susac,C,40
598,20,4,ATH,Shotaro Morii,TWP,40
599,20,42,SDP,Robbie Lavey,C,35+
600,20,72,SEA,Christian Little,RP,35+
601,21,15,TBR,Tre' Morgan,1B,45
602,21,194,STL,Hancel Rincon,SP,40+
603,21,85,LAD,Moises Acacio,SS,40+
604,21,33,COL,Derek Bernard,RF,40+
605,21,73,PIT,Reinold Navarro,RP,40+
606,21,86,MIL,Trey Ebel,SS,40+
607,21,87,WSN,Luke Williams,SS,40+
608,21,195,CIN,Luke Holman,SP,40
609,21,74,LAA,Keythel Key,RP,40
610,21,196,NYM,Justin Hagenman,SP,40
611,21,75,ATL,Rolddy Muñoz,RP,40
612,21,34,CLE,Alfonsin Rosario,RF,40
613,21,76,NYY,Brock Selvidge,RP,40
614,21,197,BAL,Boston Bateman,SP,40
615,21,43,PHI,Alirio Ferrebus,C,40
616,21,78,MIA,Luis Cova,CF,40
617,21,77,BOS,Tyler Samaniego,RP,40
618,21,198,DET,Lucas Elissalt,SP,40
619,21,36,TEX,Elian Rosario,3B,40
620,21,78,CHC,Riley Martin,RP,40
621,21,37,ARI,Yassel Soler,3B,40
622,21,44,HOU,Will Bush,C,40
623,21,199,TOR,Grant Rogers,SP,40
624,21,35,MIN,Kala'i Rosario,RF,40
625,21,79,CHW,Zach Franklin,RP,40
626,21,200,KCR,Shane Van Dam,SP,40
627,21,201,SFG,Argenis Cayama,SP,40
628,21,38,ATH,Edgar Montero,3B,40
629,21,79,SDP,Jase Bowen,CF,35+
630,21,202,SEA,Michael Morales,SP,35+
631,22,88,TBR,Taj Marchand,SS,45
632,22,203,STL,Pete Hansen,SP,40+
633,22,45,LAD,Eduardo Rojas,C,40+
634,22,36,MIL,Sawyer Strosnider,RF,40+
635,22,204,CIN,Julian Aguiar,SP,40
636,22,39,LAA,Gavin Grahovac,3B,40
637,22,16,NYM,Randy Guzman,1B,40
638,22,46,ATL,Jack Brenner,C,40
639,22,205,CLE,Franklin Gomez,SP,40
640,22,80,BAL,Reed Trimble,CF,40
641,22,80,COL,Marcos Herrera,RP,40
642,22,81,PHI,Cody Bowker,RP,40
643,22,206,MIA,Adrian Pena,SP,40
644,22,81,PIT,Andruw Giles,CF,40
645,22,82,BOS,Angel Bastardo,RP,40
646,22,89,DET,John Peck,SS,40
647,22,207,TEX,Leandro Lopez,SP,40
648,22,83,CHC,Grant Kipp,RP,40
649,22,84,ARI,Brian Curley,RP,40
650,22,90,HOU,Kam Durnin,SS,40
651,22,47,TOR,Edward Duran,C,40
652,22,82,MIN,Yasser Mercedes,CF,40
653,22,208,CHW,Duncan Davitt,SP,40
654,22,209,KCR,Hiro Wyatt,SP,40
655,22,210,WSN,Alex Clemmey,SP,40
656,22,85,SFG,Luis De La Torre,RP,40
657,22,86,ATH,Eduarniel Núñez,RP,40
658,22,211,NYY,Brendan Beck,SP,35+
659,22,87,SDP,Luis Gutierrez,RP,35+
660,22,88,SEA,Blas Castaño,RP,35+
661,23,26,TBR,Victor Valdez,2B,45
662,23,27,STL,Jesus Baez,2B,40+
663,23,89,LAD,Brady Smith,RP,40+
664,23,90,ATH,Corey Avant,RP,40
665,23,91,CIN,Ethan Norby,RP,40
666,23,91,LAA,Capri Ortiz,SS,40
667,23,37,NYM,Aiden Robbins,RF,40
668,23,212,ATL,Carter Holton,SP,40
669,23,213,CLE,Austin Peterson,SP,40
670,23,28,BAL,Aron Estrada,2B,40
671,23,92,COL,Brody Brecht,RP,40
672,23,214,PHI,Jaxon Jelkin,SP,40
673,23,83,MIA,Brendan Jones,CF,40
674,23,215,PIT,Thomas Harrington,SP,40
675,23,29,BOS,Yoeilin Cespedes,2B,40
676,23,92,DET,Franyerber Montilla,SS,40
677,23,48,TEX,Malcolm Moore,C,40
678,23,93,MIL,Coleman Crow,RP,40
679,23,94,CHC,Eli Jerzembeck,RP,40
680,23,216,ARI,Daury Vasquez,SP,40
681,23,49,TOR,Franklin Rojas,C,40
682,23,50,MIN,Miguel Caraballo,C,40
683,23,95,CHW,Joey Volchko,RP,40
684,23,217,KCR,Maxx Yehl,SP,40
685,23,17,WSN,Abimelec Ortiz,1B,40
686,23,84,SFG,Trevor Cohen,CF,40
687,23,96,NYY,Carson Coleman,RP,35+
688,23,97,SDP,Garrett Hawkins,RP,35+
689,23,40,HOU,Caden Powell,3B,35+
690,23,30,SEA,Brock Rodden,2B,35+
691,24,218,TBR,Gary Gill Hill,SP,45
692,24,98,STL,Cooper Hjerpe,RP,40+
693,24,219,LAD,Marlon Nieves,SP,40+
694,24,220,ATH,Kenya Huggins,SP,40
695,24,221,CIN,Sheng-En Lin,SP,40
696,24,93,LAA,Jaxon Willits,SS,40
697,24,94,NYM,Antonio Jimenez,SS,40
698,24,222,ATL,Davis Polo,SP,40
699,24,223,CLE,Josh Hartle,SP,40
700,24,99,BAL,Twine Palmer,RP,40
701,24,100,COL,Eiberson Castellano,RP,40
702,24,95,PHI,Juan Parra,SS,40
703,24,41,MIA,Juan Matheus,3B,40
704,24,224,PIT,Matt Ager,SP,40
705,24,96,BOS,Jhorman Bravo,SS,40
706,24,97,DET,Jude Warwick,SS,40
707,24,101,TEX,Ismael Agreda,RP,40
708,24,51,MIL,Marco Dinges,C,40
709,24,225,CHC,Brody McCullough,SP,40
710,24,102,ARI,Mason Marriott,RP,40
711,24,85,TOR,Jake Cook,CF,40
712,24,31,MIN,Haritzon Castillo,2B,40
713,24,103,CHW,Tyler Schweitzer,RP,40
714,24,104,KCR,Michael Lombardi,RP,40
715,24,18,WSN,Ethan Petry,1B,40
716,24,105,SFG,Hunter Dryden,RP,40
717,24,106,NYY,Rory Fox,RP,35+
718,24,107,SDP,Jagger Haynes,RP,35+
719,24,19,HOU,Luis Baez,1B,35+
720,24,42,SEA,Luis Suisbel,3B,35+
721,25,108,STL,Sem Robberse,RP,40+
722,25,98,TBR,Andreimi Antunez,SS,40+
723,25,52,SFG,Jancel Villarroel,C,40
724,25,109,ATH,Yunior Tur,RP,40
725,25,226,CIN,JeanPierre Ortiz,SP,40
726,25,110,LAA,Peyton Olejnik,RP,40
727,25,227,NYM,Joel Díaz,SP,40
728,25,111,ATL,Raudy Reyes,RP,40
729,25,86,CLE,Petey Halpin,CF,40
730,25,99,LAD,Ezequiel Melburne,SS,40
731,25,100,BAL,Brandon Butterworth,SS,40
732,25,228,COL,Jackson Cox,SP,40
733,25,112,PHI,Gabe Craig,RP,40
734,25,229,MIA,Ethan Kleinschmit,SP,40
735,25,230,PIT,Levi Sterling,SP,40
736,25,113,BOS,Eduardo Rivera,RP,40
737,25,231,DET,Ben Jacobs,SP,40
738,25,114,TEX,Breyner Figuereo,RP,40
739,25,232,MIL,Frank Cairone,SP,40
740,25,233,CHC,Brandon Birdsell,SP,40
741,25,38,ARI,Kristian Robinson,RF,40
742,25,43,TOR,Cutter Coffey,3B,40
743,25,234,MIN,James Ellwanger,SP,40
744,25,87,CHW,Samuel Zavala,CF,40
745,25,101,KCR,Austin Charles,SS,40
746,25,115,WSN,Riley Cornelio,RP,40
747,25,116,NYY,Tony Rossi,RP,35+
748,25,117,SDP,James Guyette,RP,35+
749,25,235,HOU,James Hicks,SP,35+
750,25,118,SEA,Tyler Cleveland,RP,35+
751,26,20,TBR,Xavier Isaac,1B,40+
752,26,119,SFG,Trent Harris,RP,40
753,26,120,ATH,Will Johnston,RP,40
754,26,236,CIN,Iker Redona,SP,40
755,26,237,LAA,Barrett Kent,SP,40
756,26,53,NYM,Jacob Madrid,C,40
757,26,238,STL,Cade Crossland,SP,40
758,26,54,CLE,Jacob Cozart,C,40
759,26,88,LAD,Rubel Arias,CF,40
760,26,55,BAL,Miguel Rodríguez,C,40
761,26,121,COL,Tyler Hampu,RP,40
762,26,89,MIA,Cam Cannarella,CF,40
763,26,56,PIT,Easton Carmichael,C,40
764,26,239,BOS,Alec Gamboa,SP,40
765,26,44,DET,Gage Workman,3B,40
766,26,122,TEX,Izack Tiger,RP,40
767,26,240,MIL,Jaron DeBerry,SP,40
768,26,32,ARI,Cristofer Torin,2B,40
769,26,123,TOR,Micah Bucknam,RP,40
770,26,124,MIN,Tommy LaPour,RP,40
771,26,57,CHW,Fernando Graterol,C,40
772,26,90,KCR,Carson Roccaforte,CF,40
773,26,58,WSN,Sir Jamison Jones,C,40
774,26,91,ATL,Carter Beck,CF,35+
775,26,59,NYY,Brendan Brock,C,35+
776,26,21,PHI,Felix Reyes,1B,35+
777,26,39,CHC,Eli Lovich,RF,35+
778,26,102,SDP,Joniel Hernandez,SS,35+
779,26,241,HOU,Gabel Pentecost,SP,35+
780,26,33,SEA,Charlie Pagliarini,2B,35+
781,27,40,TBR,Brendan Summerhill,RF,40+
782,27,60,WSN,Caleb Lomavita,C,40
783,27,34,SFG,Nate Furman,2B,40
784,27,125,CIN,Nick Sando,RP,40
785,27,242,LAA,Talon Haley,SP,40
786,27,103,NYM,Marco Vargas,SS,40
787,27,243,STL,Tanner Franklin,SP,40
788,27,104,CLE,Jose Devers,SS,40
789,27,126,LAD,Patrick Copen,RP,40
790,27,127,BAL,Esteban Mejia,RP,40
791,27,128,COL,Konner Eaton,RP,40
792,27,105,MIA,Jared Serna,SS,40
793,27,129,PIT,Brandan Bidois,RP,40
794,27,244,BOS,Gage Ziehl,SP,40
795,27,92,DET,Jackson Strong,CF,40
796,27,130,TEX,Enyel Lopez,RP,40
797,27,245,MIL,Carlos Rodriguez,SP,40
798,27,93,ARI,Druw Jones,CF,40
799,27,131,TOR,T.J. Brock,RP,40
800,27,45,MIN,Enmanuel Merlo,3B,40
801,27,132,KCR,Tyson Guerrero,RP,40
802,27,246,ATH,Chen Zhong-Ao Zhuang,SP,35+
803,27,23,ATL,Isaiah Drake,LF,35+
804,27,106,NYY,Stiven Marinez,SS,35+
805,27,61,PHI,Anderson Araujo,C,35+
806,27,46,CHC,Juan Tomas,3B,35+
807,27,24,SDP,Alex McCoy,LF,35+
808,27,247,HOU,Cole Hertzler,SP,35+
809,27,94,SEA,Gregory Pio,CF,35+
810,27,248,CHW,Blake Larson,SP,35+
811,28,95,TBR,Slater de Brun,CF,40+
812,28,107,WSN,Seaver King,SS,40
813,28,41,SFG,Peyton Bonds,RF,40
814,28,133,CIN,Drew Petska,RP,40
815,28,108,LAA,Jeyson Horton,SS,40
816,28,62,NYM,Yovanny Rodriguez,C,40
817,28,22,STL,Blaze Jordan,1B,40
818,28,134,CLE,Peyton Pallette,RP,40
819,28,135,LAD,Hyun-Seok Jang,RP,40
820,28,109,BAL,Jaiden Lo Re,SS,40
821,28,42,COL,Landyn Vidourek,RF,40
822,28,43,MIA,Chris Arroyo,RF,40
823,28,136,PIT,Derek Diamond,RP,40
824,28,23,BOS,Brooks Brannon,1B,40
825,28,249,DET,Ty Madden,SP,40
826,28,250,TEX,Josh Stephan,SP,40
827,28,251,MIL,Julian Garcia,SP,40
828,28,63,ARI,Carlos Virahonda,C,40
829,28,137,TOR,Connor Cooke,RP,40
830,28,138,MIN,Cesar Lares,RP,40
831,28,139,KCR,Justin LeGuernic,RP,40
832,28,252,ATH,Henry Baez,SP,35+
833,28,253,ATL,Drue Hackenberg,SP,35+
834,28,110,NYY,Dexters Peralta,SS,35+
835,28,96,PHI,Griffin Burkholder,CF,35+
836,28,140,CHC,JP Wheat,RP,35+
837,28,141,SDP,Josh Mallitz,RP,35+
838,28,97,HOU,Anthony Huezo,CF,35+
839,28,254,SEA,Nathan Taylor,SP,35+
840,28,44,CHW,George Wolkow,RF,35+
841,29,255,TBR,Trevor Harrison,SP,40+
842,29,256,WSN,Cooper Harris,SP,40
843,29,142,SFG,Reggie Crawford,RP,40
844,29,143,CIN,Anyer Laureano,RP,40
845,29,35,STL,César Prieto,2B,40
846,29,144,CLE,Franco Aleman,RP,40
847,29,36,LAD,Aidan West,2B,40
848,29,24,BAL,Kevin Roberts Jr.,1B,40
849,29,257,COL,Griffin Herring,SP,40
850,29,145,MIA,William Kempner,RP,40
851,29,111,PIT,Jack Brannigan,SS,40
852,29,146,BOS,Yordanny Monegro,RP,40
853,29,147,DET,Jake Miller,RP,40
854,29,258,TEX,Carter Baumler,SP,40
855,29,37,MIL,Daniel Dickinson,2B,40
856,29,148,ARI,Andrew Hoffmann,RP,40
857,29,149,TOR,Chay Yeager,RP,40
858,29,150,MIN,C.J. Culpepper,RP,40
859,29,259,ATH,Gunnar Hoglund,SP,35+
860,29,151,LAA,Yeferson Vargas,RP,35+
861,29,260,NYM,Yordan Rodriguez,SP,35+
862,29,261,ATL,Ethan Bagwell,SP,35+
863,29,47,NYY,Richard Matic,3B,35+
864,29,262,PHI,Jean Cabrera,SP,35+
865,29,152,CHC,Nazier Mulé,RP,35+
866,29,64,SDP,Lamar King Jr.,C,35+
867,29,65,HOU,Jase Mitchell,C,35+
868,29,48,SEA,Trevor Lucas,3B,35+
869,29,66,CHW,Landon Hodge,C,35+
870,29,263,KCR,Jack Slightom,SP,35+
871,30,264,TBR,Blake Morgan,SP,40+
872,30,112,WSN,Coy James,SS,40
873,30,153,SFG,Josh Bostick,RP,40
874,30,265,STL,Yhoiker Fajardo,SP,40
875,30,154,CLE,Yorman Gómez,RP,40
876,30,25,LAD,Ryan Ward,LF,40
877,30,98,BAL,Jemone Nuel,CF,40
878,30,266,COL,Gabriel Hughes,SP,40
879,30,267,MIA,Brandon White,SP,40
880,30,113,PIT,Keiner Delgado,SS,40
881,30,155,DET,Paul Wilson,RP,40
882,30,156,MIL,Tate Kuehner,RP,40
883,30,157,ARI,Hayden Durke,RP,40
884,30,158,TOR,Javen Coleman,RP,40
885,30,159,MIN,Marco Raya,RP,40
886,30,160,ATH,A.J. Causey,RP,35+
887,30,268,CIN,Ryjeteri Merite,SP,35+
888,30,161,LAA,Cody Laweryson,RP,35+
889,30,269,NYM,Peter Kussow,SP,35+
890,30,162,ATL,Hayden Harris,RP,35+
891,30,163,NYY,Jack Cebert,RP,35+
892,30,270,PHI,Ho Hua,SP,35+
893,30,45,BOS,Allan Castro,RF,35+
894,30,271,TEX,Jacob Johnson,SP,35+
895,30,114,CHC,Ty Southisene,SS,35+
896,30,164,SDP,Isaiah Lowe,RP,35+
897,30,99,HOU,Anthony Millan,CF,35+
898,30,165,CHW,Mathias LaCombe,RP,35+
899,30,166,KCR,Josh Hansell,RP,35+
900,31,167,TBR,TJ Nichols,RP,40+
901,31,115,WSN,Marconi German,SS,40
902,31,168,SFG,Drake George,RP,40
903,31,272,STL,Leonel Sequera,SP,40
904,31,169,CLE,Jogly Garcia,RP,40
905,31,116,LAD,Noah Miller,SS,40
906,31,117,BAL,José Peña,SS,40
907,31,170,COL,Jack Mahoney,RP,40
908,31,118,MIA,Maximo Acosta,SS,40
909,31,119,PIT,Yordany De Los Santos,SS,40
910,31,171,DET,Michael Massey,RP,40
911,31,120,MIL,José Rodríguez,SS,40
912,31,172,ARI,Yordin Chalas,RP,40
913,31,173,MIN,Kyle Bischoff,RP,40
914,31,174,ATH,Zane Taylor,RP,35+
915,31,25,CIN,Mulivai Levu,1B,35+
916,31,175,LAA,Camden Minacci,RP,35+
917,31,273,NYM,Camden Lohman,SP,35+
918,31,176,ATL,Herick Hernandez,RP,35+
919,31,177,NYY,Chris Kean,RP,35+
920,31,121,PHI,Reece Moroney,SS,35+
921,31,100,BOS,Yophery Rodriguez,CF,35+
922,31,178,TEX,Marc Church,RP,35+
923,31,38,CHC,Juan Cabada,2B,35+
924,31,179,HOU,Michael Knorr,RP,35+
925,31,180,TOR,Yondrei Rojas,RP,35+
926,31,181,CHW,Jairo Iriarte,RP,35+
927,31,182,KCR,Eric Cerantola,RP,35+
928,32,46,TBR,Dean Moss,RF,40+
929,32,183,WSN,Eriq Swan,RP,40
930,32,67,STL,Juan Rujano,C,40
931,32,39,CLE,Juan Brito,2B,40
932,32,122,LAD,Joendry Vargas,SS,40
933,32,123,BAL,Will Plunkett,SS,40
934,32,184,COL,JB Middleton,RP,40
935,32,185,MIA,Liomar Martinez,RP,40
936,32,124,PIT,Sammy Stafura,SS,40
937,32,274,DET,Ethan Schiefelbein,SP,40
938,32,275,MIL,Bryce Meccage,SP,40
939,32,186,ARI,Sandro Santana,RP,40
940,32,125,MIN,Ben Ross,SS,40
941,32,126,SFG,Diego Velasquez,SS,35+
942,32,276,ATH,Jose Parra,SP,35+
943,32,40,CIN,Dylan Bowen,2B,35+
944,32,277,LAA,Ubaldo Soto,SP,35+
945,32,278,NYM,Jose Chirinos,SP,35+
946,32,127,ATL,Angel Carmona,SS,35+
947,32,187,NYY,Luis Velasquez,RP,35+
948,32,101,PHI,John Spikerman,CF,35+
949,32,128,BOS,Marvin Alcantara,SS,35+
950,32,26,TEX,Jay McQueen,LF,35+
951,32,279,CHC,Connor Noland,SP,35+
952,32,129,HOU,Randy Arias,SS,35+
953,32,280,TOR,Fernando Perez,SP,35+
954,32,41,CHW,Javier Mogollon,2B,35+
955,32,281,KCR,Henry Williams,SP,35+
956,33,42,TBR,Fabricio Blanco,2B,40+
957,33,27,WSN,Christian Franklin,LF,40
958,33,102,STL,Emanuel Luna,CF,40
959,33,49,CLE,Dean Curley,3B,40
960,33,188,LAD,Luke Fox,RP,40
961,33,26,BAL,Victor Figueroa,1B,40
962,33,189,COL,Sean Sullivan,RP,40
963,33,282,MIA,Nate Payne,SP,40
964,33,43,PIT,Chris Rembert*,2B,40
965,33,47,ARI,Gavin Conticello,RF,40
966,33,68,MIN,Khadim Diaw,C,40
967,33,28,SFG,Carlos Gutierrez,LF,35+
968,33,190,ATH,Stevie Emanuels,RP,35+
969,33,191,CIN,Kevin Abel,RP,35+
970,33,48,LAA,Junior Suriel,RF,35+
971,33,283,NYM,Shane Sdao,SP,35+
972,33,284,ATL,Brett Sears,SP,35+
973,33,192,NYY,Thomas Balboni Jr.,RP,35+
974,33,130,PHI,Juan Villavicencio,SS,35+
975,33,131,BOS,Mason White,SS,35+
976,33,132,DET,Trei Cruz,SS,35+
977,33,29,TEX,Hector Osorio,LF,35+
978,33,285,MIL,Jacob Morrison,SP,35+
979,33,103,CHC,Brett Bateman,CF,35+
980,33,193,HOU,Nick Potter,RP,35+
981,33,194,TOR,Dahian Santos,RP,35+
982,33,195,CHW,Riley Gowens,RP,35+
983,33,286,KCR,Cameron Millar,SP,35+
984,34,104,TBR,Aidan Smith,CF,40+
985,34,105,WSN,Yeremy Cabrera,CF,40
986,34,196,STL,Cade Winquest,RP,40
987,34,197,CLE,Andrew Walters,RP,40
988,34,198,LAD,Sterling Patick,RP,40
989,34,199,BAL,Trace Bright,RP,40
990,34,44,MIA,Cam Kozeal,2B,40
991,34,200,PIT,Carlson Reed,RP,40
992,34,287,ARI,Yu-Min Lin,SP,40
993,34,69,MIN,Ryan Sprock,C,40
994,34,50,SFG,Charlie Szykowny,3B,35+
995,34,201,ATH,Jared Johnson,RP,35+
996,34,106,CIN,Jay Allen II,CF,35+
997,34,202,LAA,Jhon Almonte,RP,35+
998,34,107,NYM,Heriberto Rincon,CF,35+
999,34,203,ATL,Cade Kuehler,RP,35+
1000,34,288,COL,Yeremmy Cabeza,SP,35+
1001,34,108,PHI,Devin Saltiban,CF,35+
1002,34,204,BOS,Leighton Finley,RP,35+
1003,34,51,DET,Izaac Pacheco,3B,35+
1004,34,205,TEX,Ben Peoples,RP,35+
1005,34,289,MIL,Ethan Dorchies,SP,35+
1006,34,52,CHC,BJ Murray,3B,35+
1007,34,45,HOU,Nick Monistere,2B,35+
1008,34,53,TOR,Charles McAdoo,3B,35+
1009,34,5,CHW,Alex Weingartner,TWP,35+
1010,34,206,KCR,Dennis Colleran Jr.,RP,35+
1011,35,290,WSN,R.J. Sales,SP,40
1012,35,207,STL,Luis Gastelum,RP,40
1013,35,208,LAD,Jacob Frost,RP,40
1014,35,291,BAL,Sebastian Gongora,SP,40
1015,35,292,TBR,Jacob Kisting,SP,40
1016,35,209,PIT,Jaden Woods,RP,40
1017,35,133,ARI,Carson Kerce,SS,40
1018,35,49,MIN,Eduardo Beltre,RF,40
1019,35,54,SFG,Sabin Ceballos,3B,35+
1020,35,30,ATH,Gavin Turley,LF,35+
1021,35,134,CIN,Victor Acosta,SS,35+
1022,35,109,LAA,Carlos Castillo,CF,35+
1023,35,135,NYM,Colin Houck,SS,35+
1024,35,55,ATL,Jose Perdomo,3B,35+
1025,35,210,CLE,Doug Nikhazy,RP,35+
1026,35,50,COL,Robert Calaz,RF,35+
1027,35,110,PHI,Dayber Cruceta,CF,35+
1028,35,27,MIA,Deyvison De Los Santos,1B,35+
1029,35,111,BOS,Nelly Taylor,CF,35+
1030,35,293,DET,River Hamilton,SP,35+
1031,35,211,TEX,Wilian Bormie,RP,35+
1032,35,70,MIL,Matthew Wood,C,35+
1033,35,51,CHC,Kade Snell,RF,35+
1034,35,212,TOR,Kai Peterson,RP,35+
1035,35,213,CHW,Tyler Davis,RP,35+
1036,35,71,KCR,Brooks Bryan,C,35+
1037,36,214,STL,Austin Love,RP,40
1038,36,112,LAD,Jaron Elkins,CF,40
1039,36,46,BAL,Payton Eeles,2B,40
1040,36,294,TBR,Aidan Cremarosa,SP,40
1041,36,72,PIT,Edgleen Perez,C,40
1042,36,73,ARI,Alberto Barriga,C,40
1043,36,295,WSN,Josh Randall,SP,35+
1044,36,215,SFG,Dylan Smith,RP,35+
1045,36,56,ATH,Ricky Duran,3B,35+
1046,36,113,CIN,Kyle Henley,CF,35+
1047,36,296,LAA,Kendri Fana,SP,35+
1048,36,216,NYM,Nate Lavender,RP,35+
1049,36,217,ATL,Connor Thomas,RP,35+
1050,36,114,CLE,Nick Mitchell,CF,35+
1051,36,52,COL,Max Belyeu,RF,35+
1052,36,218,PHI,Ruger Riojas,RP,35+
1053,36,219,MIA,Josh White,RP,35+
1054,36,220,BOS,Blake Wehunt,RP,35+
1055,36,297,DET,Ryan Hall,SP,35+
1056,36,31,TEX,Elorky Rodriguez,LF,35+
1057,36,115,MIL,Handelfry Encarnacion,CF,35+
1058,36,28,CHC,Cole Mathis,1B,35+
1059,36,32,TOR,Sam Shaw,LF,35+
1060,36,221,MIN,Mike Paredes,RP,35+
1061,36,222,CHW,Shane Murphy,RP,35+
1062,36,57,KCR,Jose Cerice,3B,35+
1063,37,116,CLE,Tre Broussard,CF,40
1064,37,58,LAD,Logan Wagner,3B,40
1065,37,223,BAL,Kiefer Lord,RP,40
1066,37,298,TBR,Emmanuel Hernandez,SP,40
1067,37,74,ARI,Christian Cerda,C,40
1068,37,299,WSN,Andry Lara,SP,35+
1069,37,33,SFG,Scott Bandura,LF,35+
1070,37,59,ATH,Ayden Johnson,3B,35+
1071,37,53,CIN,Yerlin Confidan,RF,35+
1072,37,224,NYM,Douglas Orellana,RP,35+
1073,37,225,ATL,Cole Dennis,RP,35+
1074,37,300,STL,Nate Dohm,SP,35+
1075,37,60,COL,Ethan Hedges,3B,35+
1076,37,226,PHI,Deven Sheerin,RP,35+
1077,37,75,MIA,Ryan Ignoffo,C,35+
1078,37,136,PIT,Jacob Gonzalez,SS,35+
1079,37,137,BOS,Jace Mataczynski,SS,35+
1080,37,301,DET,Jhonan Coba,SP,35+
1081,37,227,TEX,Ryan Lobus,RP,35+
1082,37,29,MIL,Tyler Black,1B,35+
1083,37,228,CHC,Pierce Coppola,RP,35+
1084,37,47,TOR,Brayden Martin,2B,35+
1085,37,229,MIN,John Klein,RP,35+
1086,37,302,CHW,Grant Umberger,SP,35+
1087,37,230,KCR,Frank Mozzicato,RP,35+
1088,38,54,LAD,Ching-Hsien Ko,RF,40
1089,38,231,BAL,Micah Ashman,RP,40
1090,38,61,TBR,Cooper Kinney,3B,40
1091,38,55,PIT,Jeancer Custodio,RF,40
1092,38,56,ARI,Cody Boshell,RF,40
1093,38,62,WSN,Jorgelys Mota,3B,35+
1094,38,232,SFG,Niko Mazza,RP,35+
1095,38,57,ATH,Darwing Ozuna,RF,35+
1096,38,58,CIN,Adolfo Sanchez,RF,35+
1097,38,233,NYM,Felipe De La Cruz,RP,35+
1098,38,63,ATL,Ryne Barker,3B,35+
1099,38,303,STL,Blake Aita,SP,35+
1100,38,304,CLE,Will Hynes,SP,35+
1101,38,48,COL,Roynier Hernandez,2B,35+
1102,38,234,PHI,Wen-Hui Pan,RP,35+
1103,38,59,MIA,José Castro,RF,35+
1104,38,138,BOS,Starlyn Nunez,SS,35+
1105,38,305,DET,Gabriel Reyes,SP,35+
1106,38,235,TEX,Enrique Segura,RP,35+
1107,38,117,MIL,Kenny Fenelon,CF,35+
1108,38,49,TOR,Elaineiker Coronado,2B,35+
1109,38,139,MIN,Tanner Schobel,SS,35+
1110,38,236,CHW,Truman Pauley,RP,35+
1111,38,237,KCR,Kamden Edge,RP,35+
1112,39,238,LAD,Luis Carias,RP,40
1113,39,239,BAL,Juaron Watts-Brown,RP,40
1114,39,50,TBR,Émilien Pitre,2B,40
1115,39,306,ARI,Chung-Hsiang Huang,SP,40
1116,39,118,WSN,Angel Ramirez,CF,35+
1117,39,240,SFG,Wilkin Ramos,RP,35+
1118,39,51,CIN,Alfredo Alcantara,2B,35+
1119,39,241,NYM,Peyton Prescott,RP,35+
1120,39,119,ATL,Starlyn De La Cruz,CF,35+
1121,39,307,STL,Braden Davis,SP,35+
1122,39,308,CLE,Aidan Major,SP,35+
1123,39,309,COL,Michael Prosecky,SP,35+
1124,39,242,PHI,Titan Kennedy-Hayes,RP,35+
1125,39,76,MIA,Victor Ortega,C,35+
1126,39,140,PIT,Wilton Guerrero Jr.,SS,35+
1127,39,310,BOS,Conrad Cason,SP,35+
1128,39,243,DET,Drew Sommers,RP,35+
1129,39,244,TEX,Jesus Lafalaise,RP,35+
1130,39,120,MIL,Brailyn Antunez,CF,35+
1131,39,141,TOR,Ryan Cooney,SS,35+
1132,39,77,MIN,Ricardo Olivar,C,35+
1133,39,245,CHW,Carson Jacobs,RP,35+
1134,39,142,KCR,Jaider Suárez,SS,35+
1135,40,311,LAD,Oliver Gonzalez,SP,40
1136,40,143,BAL,Cobb Hightower,SS,40
1137,40,34,TBR,Warel Solano,LF,40
1138,40,312,ARI,Caden Grice,SP,40
1139,40,78,WSN,Kevin Bazzell,C,35+
1140,40,246,SFG,Marques Johnson,RP,35+
1141,40,247,CIN,Simon Miller,RP,35+
1142,40,248,NYM,Luis Alvarez,RP,35+
1143,40,144,ATL,Jose Manon,SS,35+
1144,40,313,STL,Jose Davila,SP,35+
1145,40,249,CLE,Dylan DeLucia,RP,35+
1146,40,250,COL,Ben Shields,RP,35+
1147,40,251,PHI,Luke Gabrysh,RP,35+
1148,40,145,MIA,Johnny Olmstead,SS,35+
1149,40,52,PIT,Tyler Callihan,2B,35+
1150,40,314,BOS,Jakson Gamboa,SP,35+
1151,40,252,DET,Moises Rodriguez,RP,35+
1152,40,253,TEX,Josh Trentadue,RP,35+
1153,40,64,MIL,Brock Wilken,3B,35+
1154,40,121,MIN,Yovanny Duran,CF,35+
1155,40,35,CHW,Sebastian Romero,LF,35+
1156,40,122,KCR,Dominic Battista,CF,35+
1157,41,60,BAL,Pedro Gomez,RF,40
1158,41,254,TBR,Alexander Alberto,RP,40
1159,41,315,ARI,Josh Grosz,SP,40
1160,41,65,WSN,Angel Feliz,3B,35+
1161,41,255,SFG,Logan Martin,RP,35+
1162,41,256,CIN,Deivi Villafana,RP,35+
1163,41,257,NYM,Luke McNeillie,RP,35+
1164,41,258,STL,Skylar Hales,RP,35+
1165,41,259,CLE,Steven Pérez,RP,35+
1166,41,146,COL,Braylen Wimmer,SS,35+
1167,41,260,PHI,Tegan Cain,RP,35+
1168,41,36,MIA,Fenwick Trimble,LF,35+
1169,41,123,PIT,Billy Cook,CF,35+
1170,41,316,BOS,Berny Ortiz,SP,35+
1171,41,317,DET,Joseph Montalvo,SP,35+
1172,41,61,TEX,Keith Jones II,RF,35+
1173,41,30,MIL,Eric Bitonti,1B,35+
1174,30,318,SEA,Tyler Gough,SP,35+
1175,41,147,MIN,Kyle DeBarge,SS,35+
1176,42,261,TBR,Trevor Martin,RP,40
1177,42,319,ARI,Jacob Steinmetz,SP,40
1178,42,148,WSN,Brayan Cortesia,SS,35+
1179,42,262,SFG,Cody Delvecchio,RP,35+
1180,42,320,CIN,Ty Floyd,SP,35+
1181,42,79,NYM,Ronald Hernandez,C,35+
1182,42,263,STL,Jack Martinez,RP,35+
1183,41,321,LAD,Aidan Foeller,SP,35+
1184,42,264,CLE,Jackson Humphries,RP,35+
1185,42,265,BAL,Cameron Weston,RP,35+
1186,42,266,COL,Austin Smith,RP,35+
1187,42,124,MIA,Andrew Pintar,CF,35+
1188,42,267,PIT,Cy Nielson,RP,35+
1189,42,80,BOS,Gerardo Rodriguez,C,35+
1190,42,322,DET,Jaden Hamm,SP,35+
1191,42,66,TEX,Jack Wheeler,3B,35+
1192,42,149,MIL,Diego Frontado,SS,35+
1193,42,150,MIN,Ramiro Dominguez,SS,35+
1194,43,268,TBR,Owen Wild,RP,40
1195,43,81,WSN,Daniel Hernandez,C,35+
1196,43,151,SFG,Aeverson Arteaga,SS,35+
1197,43,37,NYM,Edward Lantigua,LF,35+
1198,43,269,STL,Ethan Young,RP,35+
1199,42,323,LAD,Russell Sandefer,SP,35+
1200,43,270,CLE,Kendeglys Virguez,RP,35+
1201,43,125,BAL,Jud Fabian,CF,35+
1202,43,31,COL,Blaine Crim,1B,35+
1203,43,38,MIA,Brandon Compton,LF,35+
1204,43,271,PIT,Cam Sanders,RP,35+
1205,43,272,BOS,Dalton Rogers,RP,35+
1206,43,273,DET,Tyler Owens,RP,35+
1207,43,274,TEX,Paul Bonzagni,RP,35+
1208,43,67,MIL,Ricki Moneys,3B,35+
1209,43,62,ARI,Elian De La Cruz,RF,35+
1210,43,324,MIN,Jason Reitz,SP,35+
1211,44,126,TBR,Homer Bush Jr.,CF,40
1212,44,325,WSN,Jose Feliz,SP,35+
1213,44,152,SFG,Maui Ahuna,SS,35+
1214,44,127,NYM,Cleiner Ramirez,CF,35+
1215,44,275,STL,Mason Molina,RP,35+
1216,43,326,LAD,Cody New,SP,35+
1217,44,39,CLE,Nolan Schubart,LF,35+
1218,44,276,BAL,Cameron Foster,RP,35+
1219,44,277,COL,Yujanyer Herrera,RP,35+
1220,44,128,MIA,Andres Valor,CF,35+
1221,44,82,PIT,Omar Alfonzo,C,35+
1222,44,278,BOS,Jojo Ingrassia,RP,35+
1223,44,153,DET,Luis Aguilera,SS,35+
1224,44,279,TEX,Hudson Calhoun,RP,35+
1225,44,68,MIL,Leanders Matos,3B,35+
1226,44,327,ARI,Blake Walston,SP,35+
1227,44,328,MIN,Brett Renfrow,SP,35+
1228,45,154,TBR,Adrian Santana,SS,40
1229,45,32,WSN,Sam Brown,1B,35+
1230,45,280,SFG,Alexander Fuentes,RP,35+
1231,45,83,NYM,Cesar Acosta,C,35+
1232,45,281,STL,Frank Elissalt,RP,35+
1233,44,329,LAD,Jared Karros,SP,35+
1234,45,330,CLE,Chase Mobley,SP,35+
1235,45,282,BAL,Tanner Smith,RP,35+
1236,45,283,COL,Carson Palmquist,RP,35+
1237,45,284,MIA,Eliazar Dishmey,RP,35+
1238,45,331,PIT,Irwin Ramirez,SP,35+
1239,45,332,BOS,Jose Bello,SP,35+
1240,45,129,DET,Josueth Quinonez,CF,35+
1241,45,285,MIL,Wande Torres,RP,35+
1242,45,286,ARI,Spencer Giesting,RP,35+
1243,45,287,MIN,Alejandro Hidalgo,RP,35+
1244,46,155,TBR,Gregory Barrios,SS,40
1245,46,288,SFG,Liam Simon,RP,35+
1246,46,333,NYM,Nathan Hall,SP,35+
1247,46,289,STL,Yordy Herrera,RP,35+
1248,45,53,LAD,Nico Perez,2B,35+
1249,46,334,CLE,Alexander Garcia,SP,35+
1250,46,69,BAL,Joshua Liranzo,3B,35+
1251,46,335,COL,Jordy Vargas,SP,35+
1252,46,336,MIA,Pedro Montero,SP,35+
1253,46,290,PIT,David Matoma,RP,35+
1254,46,70,BOS,Louis Andujar,3B,35+
1255,46,130,DET,Andy Mata,CF,35+
1256,46,156,MIL,Eduardo Garcia,SS,35+
1257,46,337,ARI,Dylan Ray,SP,35+
1258,46,291,MIN,Darren Bowen,RP,35+
1259,47,131,TBR,Austin Overn,CF,40
1260,47,292,SFG,Gerelmi Maldonado,RP,35+
1261,47,293,NYM,Calvin Ziegler,RP,35+
1262,47,294,STL,Randel Clemente,RP,35+
1263,46,54,LAD,Kellon Lindsey,2B,35+
1264,47,157,BAL,Willy Vasquez,SS,35+
1265,47,295,COL,RJ Petit,RP,35+
1266,47,338,MIA,Joey Volini,SP,35+
1267,47,339,PIT,McLane Moody,SP,35+
1268,47,40,BOS,Garielvin Silverio,LF,35+
1269,47,296,DET,Kenny Serwa,RP,35+
1270,47,297,MIL,Sean Episcope,RP,35+
1271,47,340,ARI,Joe Elbis,SP,35+
1272,47,298,MIN,Garrett Horn,RP,35+
1273,48,341,SFG,Alberto Laroche,SP,35+
1274,48,299,NYM,Luis R. Rodriguez,RP,35+
1275,48,63,STL,Colton Ledbetter,RF,35+
1276,47,55,LAD,Reyli Mariano,2B,35+
1277,48,71,BAL,Griff O'Ferrall,3B,35+
1278,48,72,COL,Richard De Los Santos,3B,35+
1279,48,33,TBR,Collin Bland,1B,35+
1280,48,300,MIA,Dameivi Tineo,RP,35+
1281,48,301,PIT,Neomar Urbina,RP,35+
1282,48,302,DET,Yoniel Curet,RP,35+
1283,48,303,MIL,Brian Fitzpatrick,RP,35+
1284,48,304,ARI,Sawyer Hawks,RP,35+
1285,48,342,MIN,Matt Barr,SP,35+
1286,49,305,SFG,Braxton Roxby,RP,35+
1287,49,41,STL,Bryan Torres,LF,35+
1288,48,42,LAD,Samuel Munoz,LF,35+
1289,49,132,BAL,RJ Austin,CF,35+
1290,49,306,COL,Ben Davis,RP,35+
1291,49,34,TBR,Will Simpson,1B,35+
1292,49,307,MIA,Walin Castillo,RP,35+
1293,49,73,PIT,Hyun Seung Lee,3B,35+
1294,49,56,DET,Tyson LeBlanc,2B,35+
1295,49,308,MIL,Joshua Flores,RP,35+
1296,49,309,ARI,Jose Cabrera,RP,35+
1297,49,310,MIN,Santiago Rojas,RP,35+
1298,50,343,SFG,Brayan Narvaez,SP,35+
1299,50,311,STL,Dawson Montesa,RP,35+
1300,49,35,LAD,Easton Shelton,1B,35+
1301,50,158,BAL,Colin Yeaman,SS,35+
1302,50,133,TBR,Jean Paredes,CF,35+
1303,50,344,MIA,Grant Shepardson,SP,35+
1304,50,159,PIT,Gustavo Melendez,SS,35+
1305,50,6,DET,Evan Dempsey,TWP,35+
1306,50,312,MIL,Jack Hostetler,RP,35+
1307,50,313,ARI,Landon Sims,RP,35+
1308,50,84,MIN,Enrique Jimenez,C,35+
1309,51,36,STL,Jack Gurevitch,1B,35+
1310,51,37,BAL,Ethan Anderson,1B,35+
1311,51,85,TBR,Deinys Gonzalez,C,35+
1312,51,314,MIA,Jacob Miller,RP,35+
1313,51,38,PIT,Jared Jones,1B,35+
1314,51,160,DET,Maddox Molony,SS,35+
1315,51,315,ARI,Kyle Amendt,RP,35+
1316,51,57,MIN,Dameury Pena,2B,35+
1317,52,64,STL,Won-Bin Cho,RF,35+
1318,50,316,LAD,Carson Hobbs,RP,35+
1319,52,317,BAL,Raimon Gomez,RP,35+
1320,52,345,TBR,Gavin Giese,SP,35+
1321,52,74,MIA,Santiago Solarte,3B,35+
1322,52,318,PIT,Jason DeCaro,RP,35+
1323,52,65,ARI,Gian Zapata,RF,35+
1324,52,58,MIN,Bruin Agbayani,2B,35+
1325,53,66,STL,Chase Davis,RF,35+
1326,51,319,LAD,Isaac Ayon,RP,35+
1327,53,320,BAL,Yaqui Rivera,RP,35+
1328,53,321,TBR,Alex Cook,RP,35+
1329,53,322,MIA,Matt Pushard,RP,35+
1330,53,346,PIT,Tyler Fay,SP,35+
1331,53,86,ARI,Ivan Luciano,C,35+
1332,53,161,MIN,Santiago Leon,SS,35+
1333,54,75,STL,Carlos Carrion,3B,35+
1334,52,323,LAD,José Rodríguez,RP,35+
1335,54,324,BAL,Tyson Neighbors,RP,35+
1336,55,87,BAL,Dom Keegan,C,35+
1337,54,325,TBR,Jacob Kuhn,RP,35+
1338,54,88,MIA,Garret Forrester,C,35+
1339,54,162,ARI,Tytus Cissell,SS,35+
1340,54,326,MIN,Jose Olivares,RP,35+
1341,55,59,STL,Sebastian Dos Santos,2B,35+
1342,53,327,LAD,Paul Gervase,RP,35+
1343,56,328,BAL,Chandler Marsh,RP,35+
1344,55,329,TBR,Junior William,RP,35+
1345,55,39,ARI,Pedro Blanco,1B,35+
1346,56,347,STL,Branneli Franco,SP,35+
1347,54,330,LAD,Garrett McDaniels,RP,35+
1348,57,60,BAL,DJ Layton,2B,35+
1349,56,331,TBR,Alvaro Mejias,RP,35+
1350,56,332,ARI,Walvin Mena,RP,35+
1351,57,40,STL,Caden Ferraro,1B,35+
1352,55,348,LAD,Chayce McDermott,SP,35+
1353,58,333,BAL,Keeler Morfe,RP,35+
1354,57,67,TBR,Brailer Guerrero,RF,35+
1355,57,349,ARI,Samuel Gonzalez,SP,35+
1356,56,334,LAD,Carlos Duran,RP,35+
1357,59,43,BAL,Thomas Sosa,LF,35+
1358,58,134,TBR,James Quinn-Irons,CF,35+
1359,58,163,ARI,Ruben Gallego,SS,35+
1360,57,335,LAD,Ronan Kopp,RP,35+
1361,60,68,BAL,Jordan Sanchez,RF,35+
1362,59,69,TBR,Maykel Coret,RF,35+
1363,59,350,ARI,Josh McDevitt,SP,35+
1364,58,336,LAD,Griff McGarry,RP,35+
1365,61,44,BAL,Gabriel Rosario,LF,35+
1366,60,164,TBR,Emmanuel Cedeno,SS,35+
1367,59,337,LAD,Jakob Wright,RP,35+
1368,62,338,BAL,Hunter Allen,RP,35+
1369,61,61,TBR,Eliomar Garces,2B,35+
1370,60,339,LAD,Reynaldo Yean,RP,35+
1371,63,351,BAL,Juan Nuñez,SP,35+
1372,62,340,TBR,Yereny Teus,RP,35+
1373,61,341,LAD,Peter Heubeck,RP,35+
1374,64,352,BAL,Chase Allsup,SP,35+
1375,63,353,TBR,Drew Dowd,SP,35+
1376,62,342,LAD,Dylan Tate,RP,35+
1377,65,343,BAL,Dominic Voegele,RP,35+
1378,64,354,TBR,Marcus Johnson,SP,35+
1379,63,344,LAD,Wyatt Crowell,RP,35+
1380,64,345,LAD,Logan Tabeling,RP,35+
